Persona,Token,Count
Natural Language Processing Engineer,age,3
Natural Language Processing Engineer,several,5
Natural Language Processing Engineer,key,8
Natural Language Processing Engineer,area,19
Natural Language Processing Engineer,learner,26
Natural Language Processing Engineer,acquire,7
Natural Language Processing Engineer,best,6
Natural Language Processing Engineer,suited,5
Natural Language Processing Engineer,business,46
Natural Language Processing Engineer,success,10
Natural Language Processing Engineer,include,4
Natural Language Processing Engineer,data,31
Natural Language Processing Engineer,analytics,14
Natural Language Processing Engineer,amount,2
Natural Language Processing Engineer,available,2
Natural Language Processing Engineer,ability,2
Natural Language Processing Engineer,analyze,5
Natural Language Processing Engineer,derive,2
Natural Language Processing Engineer,insight,7
Natural Language Processing Engineer,crucial,8
Natural Language Processing Engineer,making,5
Natural Language Processing Engineer,informed,7
Natural Language Processing Engineer,decision,7
Natural Language Processing Engineer,digital,32
Natural Language Processing Engineer,marketing,19
Natural Language Processing Engineer,understanding,15
Natural Language Processing Engineer,leverage,1
Natural Language Processing Engineer,channel,1
Natural Language Processing Engineer,social,7
Natural Language Processing Engineer,medium,7
Natural Language Processing Engineer,content,4
Natural Language Processing Engineer,search,4
Natural Language Processing Engineer,engine,4
Natural Language Processing Engineer,optimization,4
Natural Language Processing Engineer,essential,7
Natural Language Processing Engineer,reaching,3
Natural Language Processing Engineer,engaging,4
Natural Language Processing Engineer,customer,8
Natural Language Processing Engineer,space,1
Natural Language Processing Engineer,cybersecurity,16
Natural Language Processing Engineer,cyber,8
Natural Language Processing Engineer,threat,8
Natural Language Processing Engineer,continue,3
Natural Language Processing Engineer,evolve,2
Natural Language Processing Engineer,strong,3
Natural Language Processing Engineer,measure,3
Natural Language Processing Engineer,vital,1
Natural Language Processing Engineer,protecting,5
Natural Language Processing Engineer,sensitive,5
Natural Language Processing Engineer,information,5
Natural Language Processing Engineer,coding,2
Natural Language Processing Engineer,development,5
Natural Language Processing Engineer,even,1
Natural Language Processing Engineer,role,5
Natural Language Processing Engineer,basic,4
Natural Language Processing Engineer,language,5
Natural Language Processing Engineer,software,2
Natural Language Processing Engineer,beneficial,3
Natural Language Processing Engineer,today,14
Natural Language Processing Engineer,environment,1
Natural Language Processing Engineer,project,3
Natural Language Processing Engineer,management,1
Natural Language Processing Engineer,able,1
Natural Language Processing Engineer,effectively,7
Natural Language Processing Engineer,manage,2
Natural Language Processing Engineer,resource,1
Natural Language Processing Engineer,deadline,1
Natural Language Processing Engineer,valuable,9
Natural Language Processing Engineer,skill,20
Natural Language Processing Engineer,setting,2
Natural Language Processing Engineer,especially,1
Natural Language Processing Engineer,increasing,2
Natural Language Processing Engineer,reliance,1
Natural Language Processing Engineer,technology,6
Natural Language Processing Engineer,execution,1
Natural Language Processing Engineer,acquiring,10
Natural Language Processing Engineer,position,6
Natural Language Processing Engineer,competitive,5
Natural Language Processing Engineer,landscape,6
Natural Language Processing Engineer,adapt,3
Natural Language Processing Engineer,evolving,3
Natural Language Processing Engineer,technological,2
Natural Language Processing Engineer,trend,4
Natural Language Processing Engineer,shaping,1
Natural Language Processing Engineer,world,12
Natural Language Processing Engineer,analysis,1
Natural Language Processing Engineer,interpretation,2
Natural Language Processing Engineer,rise,2
Natural Language Processing Engineer,big,1
Natural Language Processing Engineer,interpret,3
Natural Language Processing Engineer,learning,7
Natural Language Processing Engineer,use,1
Natural Language Processing Engineer,tool,3
Natural Language Processing Engineer,like,5
Natural Language Processing Engineer,python,2
Natural Language Processing Engineer,sql,1
Natural Language Processing Engineer,provide,4
Natural Language Processing Engineer,drive,6
Natural Language Processing Engineer,strategy,7
Natural Language Processing Engineer,online,9
Natural Language Processing Engineer,presence,2
Natural Language Processing Engineer,seo,4
Natural Language Processing Engineer,sem,1
Natural Language Processing Engineer,creation,3
Natural Language Processing Engineer,help,13
Natural Language Processing Engineer,reach,2
Natural Language Processing Engineer,target,4
Natural Language Processing Engineer,audience,4
Natural Language Processing Engineer,increase,2
Natural Language Processing Engineer,knowledge,8
Natural Language Processing Engineer,system,2
Natural Language Processing Engineer,understand,5
Natural Language Processing Engineer,concept,1
Natural Language Processing Engineer,encryption,1
Natural Language Processing Engineer,network,1
Natural Language Processing Engineer,security,5
Natural Language Processing Engineer,incident,2
Natural Language Processing Engineer,response,2
Natural Language Processing Engineer,programming,4
Natural Language Processing Engineer,various,2
Natural Language Processing Engineer,including,4
Natural Language Processing Engineer,automation,2
Natural Language Processing Engineer,task,3
Natural Language Processing Engineer,developing,1
Natural Language Processing Engineer,custom,1
Natural Language Processing Engineer,limitation,1
Natural Language Processing Engineer,possibility,1
Natural Language Processing Engineer,java,1
Natural Language Processing Engineer,javascript,2
Natural Language Processing Engineer,versatile,1
Natural Language Processing Engineer,widely,1
Natural Language Processing Engineer,used,1
Natural Language Processing Engineer,industry,3
Natural Language Processing Engineer,user,5
Natural Language Processing Engineer,experience,5
Natural Language Processing Engineer,ux,3
Natural Language Processing Engineer,design,5
Natural Language Processing Engineer,providing,1
Natural Language Processing Engineer,seamless,1
Natural Language Processing Engineer,create,2
Natural Language Processing Engineer,interface,2
Natural Language Processing Engineer,intuitive,1
Natural Language Processing Engineer,meet,1
Natural Language Processing Engineer,need,1
Natural Language Processing Engineer,gaining,2
Natural Language Processing Engineer,proficiency,2
Natural Language Processing Engineer,asset,5
Natural Language Processing Engineer,workforce,1
Natural Language Processing Engineer,natural,2
Natural Language Processing Engineer,processing,1
Natural Language Processing Engineer,engineer,1
Natural Language Processing Engineer,believe,1
Natural Language Processing Engineer,machine,5
Natural Language Processing Engineer,artificial,5
Natural Language Processing Engineer,intelligence,6
Natural Language Processing Engineer,high,1
Natural Language Processing Engineer,demand,1
Natural Language Processing Engineer,across,1
Natural Language Processing Engineer,increasingly,4
Natural Language Processing Engineer,relying,2
Natural Language Processing Engineer,make,2
Natural Language Processing Engineer,growth,4
Natural Language Processing Engineer,extracting,1
Natural Language Processing Engineer,large,3
Natural Language Processing Engineer,datasets,2
Natural Language Processing Engineer,enabling,1
Natural Language Processing Engineer,behavior,1
Natural Language Processing Engineer,market,3
Natural Language Processing Engineer,operational,1
Natural Language Processing Engineer,efficiency,1
Natural Language Processing Engineer,expertise,1
Natural Language Processing Engineer,allows,1
Natural Language Processing Engineer,develop,1
Natural Language Processing Engineer,algorithm,1
Natural Language Processing Engineer,learn,1
Natural Language Processing Engineer,improve,2
Natural Language Processing Engineer,paving,1
Natural Language Processing Engineer,way,2
Natural Language Processing Engineer,predictive,1
Natural Language Processing Engineer,personalized,1
Natural Language Processing Engineer,recommendation,1
Natural Language Processing Engineer,building,1
Natural Language Processing Engineer,intelligent,1
Natural Language Processing Engineer,perform,1
Natural Language Processing Engineer,traditionally,1
Natural Language Processing Engineer,requiring,1
Natural Language Processing Engineer,human,1
Natural Language Processing Engineer,speech,1
Natural Language Processing Engineer,recognition,1
Natural Language Processing Engineer,image,1
Natural Language Processing Engineer,classification,1
Natural Language Processing Engineer,ha,2
Natural Language Processing Engineer,potential,2
Natural Language Processing Engineer,transform,1
Natural Language Processing Engineer,optimizing,1
Natural Language Processing Engineer,process,3
Natural Language Processing Engineer,reducing,1
Natural Language Processing Engineer,cost,1
Natural Language Processing Engineer,creating,2
Natural Language Processing Engineer,new,2
Natural Language Processing Engineer,opportunity,4
Natural Language Processing Engineer,innovation,2
Natural Language Processing Engineer,equipped,1
Natural Language Processing Engineer,tackle,1
Natural Language Processing Engineer,complex,1
Natural Language Processing Engineer,challenge,1
Natural Language Processing Engineer,rapidly,1
Natural Language Processing Engineer,stay,4
Natural Language Processing Engineer,excel,1
Natural Language Processing Engineer,workplace,1
Natural Language Processing Engineer,abundance,1
Natural Language Processing Engineer,organization,6
Natural Language Processing Engineer,manipulation,1
Natural Language Processing Engineer,visualization,1
Natural Language Processing Engineer,edge,1
Natural Language Processing Engineer,shift,1
Natural Language Processing Engineer,operation,3
Natural Language Processing Engineer,advertising,1
Natural Language Processing Engineer,highly,2
Natural Language Processing Engineer,looking,2
Natural Language Processing Engineer,pursue,1
Natural Language Processing Engineer,career,2
Natural Language Processing Engineer,sale,1
Natural Language Processing Engineer,cloud,6
Natural Language Processing Engineer,computing,3
Natural Language Processing Engineer,revolutionized,1
Natural Language Processing Engineer,store,2
Natural Language Processing Engineer,platform,4
Natural Language Processing Engineer,amazon,1
Natural Language Processing Engineer,web,3
Natural Language Processing Engineer,service,1
Natural Language Processing Engineer,aws,1
Natural Language Processing Engineer,microsoft,1
Natural Language Processing Engineer,azure,1
Natural Language Processing Engineer,open,1
Natural Language Processing Engineer,architect,1
Natural Language Processing Engineer,developer,1
Natural Language Processing Engineer,specialist,1
Natural Language Processing Engineer,frequency,1
Natural Language Processing Engineer,breach,3
Natural Language Processing Engineer,placing,1
Natural Language Processing Engineer,greater,1
Natural Language Processing Engineer,emphasis,1
Natural Language Processing Engineer,detection,1
Natural Language Processing Engineer,risk,3
Natural Language Processing Engineer,assessment,1
Natural Language Processing Engineer,play,2
Natural Language Processing Engineer,attack,2
Natural Language Processing Engineer,enhance,4
Natural Language Processing Engineer,job,1
Natural Language Processing Engineer,prospect,1
Natural Language Processing Engineer,contribute,2
Natural Language Processing Engineer,relevant,2
Natural Language Processing Engineer,focus,2
Natural Language Processing Engineer,collect,2
Natural Language Processing Engineer,identifying,1
Natural Language Processing Engineer,predicting,1
Natural Language Processing Engineer,outcome,1
Natural Language Processing Engineer,connect,2
Natural Language Processing Engineer,html,1
Natural Language Processing Engineer,cs,1
Natural Language Processing Engineer,website,1
Natural Language Processing Engineer,function,1
Natural Language Processing Engineer,troubleshoot,1
Natural Language Processing Engineer,technical,1
Natural Language Processing Engineer,issue,1
Natural Language Processing Engineer,principle,1
Natural Language Processing Engineer,maintaining,1
Natural Language Processing Engineer,minimize,1
Natural Language Processing Engineer,safeguard,3
Natural Language Processing Engineer,ui,1
Natural Language Processing Engineer,critical,2
Natural Language Processing Engineer,visually,1
Natural Language Processing Engineer,appealing,1
Natural Language Processing Engineer,product,1
Natural Language Processing Engineer,overall,2
Natural Language Processing Engineer,engagement,1
Natural Language Processing Engineer,constantly,1
Natural Language Processing Engineer,vast,1
Natural Language Processing Engineer,generated,1
Natural Language Processing Engineer,driving,2
Natural Language Processing Engineer,activity,1
Natural Language Processing Engineer,move,1
Natural Language Processing Engineer,ensuring,1
Natural Language Processing Engineer,identify,2
Natural Language Processing Engineer,prevent,2
Natural Language Processing Engineer,mitigate,1
Natural Language Processing Engineer,capability,1
Natural Language Processing Engineer,automate,1
Natural Language Processing Engineer,innovative,1
Natural Language Processing Engineer,investing,1
Natural Language Processing Engineer,continuous,1
Natural Language Processing Engineer,staying,1
Natural Language Processing Engineer,latest,1
Natural Language Processing Engineer,individual,1
Natural Language Processing Engineer,thrive,1
Natural Language Processing Engineer,one,1
Natural Language Processing Engineer,gather,1
Natural Language Processing Engineer,set,1
Natural Language Processing Engineer,mastering,1
Natural Language Processing Engineer,optimize,1
Natural Language Processing Engineer,better,1
Natural Language Processing Engineer,additionally,1
Natural Language Processing Engineer,become,1
Natural Language Processing Engineer,engage,1
Natural Language Processing Engineer,company,1
Natural Language Processing Engineer,acquisition,1
Natural Language Processing Engineer,furthermore,1
Natural Language Processing Engineer,another,1
Natural Language Processing Engineer,rely,1
Natural Language Processing Engineer,conduct,1
Natural Language Processing Engineer,transaction,1
Natural Language Processing Engineer,practice,1
Natural Language Processing Engineer,protect,1
Natural Language Processing Engineer,costly,1
Natural Language Processing Engineer,combination,1
Natural Language Processing Engineer,well,1
Natural Language Processing Engineer,central,1
no persona,acquire,12
no persona,skill,39
no persona,area,17
no persona,social,5
no persona,medium,5
no persona,marketing,22
no persona,search,4
no persona,engine,4
no persona,optimization,4
no persona,seo,4
no persona,content,2
no persona,email,3
no persona,effectively,5
no persona,reach,6
no persona,engage,2
no persona,customer,5
no persona,business,60
no persona,intelligence,2
no persona,understanding,6
no persona,gather,1
no persona,analyze,7
no persona,interpret,5
no persona,data,35
no persona,make,6
no persona,informed,4
no persona,decision,8
no persona,crucial,9
no persona,tool,9
no persona,technique,4
no persona,help,16
no persona,learner,42
no persona,gain,3
no persona,valuable,6
no persona,insight,5
no persona,market,2
no persona,trend,4
no persona,behavior,2
no persona,competitive,7
no persona,analysis,2
no persona,cloud,4
no persona,computing,3
no persona,shift,3
no persona,towards,3
no persona,technology,3
no persona,strong,3
no persona,service,3
no persona,amazon,1
no persona,web,2
no persona,aws,1
no persona,microsoft,1
no persona,azure,1
no persona,google,1
no persona,platform,3
no persona,knowledge,5
no persona,improve,2
no persona,scalability,1
no persona,flexibility,1
no persona,cybersecurity,15
no persona,increasingly,3
no persona,rely,3
no persona,digital,50
no persona,ha,3
no persona,become,3
no persona,top,1
no persona,priority,1
no persona,protect,5
no persona,sensitive,2
no persona,system,5
no persona,cyber,6
no persona,threat,6
no persona,acquiring,13
no persona,including,1
no persona,detection,1
no persona,incident,1
no persona,response,1
no persona,security,3
no persona,best,10
no persona,practice,3
no persona,essential,11
no persona,mitigate,2
no persona,risk,2
no persona,safeguard,2
no persona,asset,6
no persona,position,4
no persona,success,9
no persona,landscape,7
no persona,contribute,2
no persona,growth,5
no persona,innovation,3
no persona,given,1
no persona,becoming,1
no persona,important,3
no persona,today,13
no persona,focus,4
no persona,combination,3
no persona,technical,4
no persona,soft,3
no persona,suited,7
no persona,coding,9
no persona,age,7
no persona,additionally,2
no persona,critical,2
no persona,thinking,1
no persona,communication,3
no persona,adaptability,1
no persona,equally,1
no persona,able,2
no persona,communicate,1
no persona,work,3
no persona,team,1
no persona,think,1
no persona,critically,1
no persona,navigating,1
no persona,complex,1
no persona,environment,3
no persona,moreover,1
no persona,growing,2
no persona,importance,3
no persona,remote,1
no persona,collaboration,3
no persona,also,3
no persona,related,1
no persona,online,8
no persona,project,8
no persona,management,7
no persona,software,3
no persona,virtual,1
no persona,conclusion,1
no persona,along,1
no persona,proficiency,2
no persona,world,13
no persona,several,2
no persona,key,3
no persona,include,4
no persona,analytics,17
no persona,making,5
no persona,identify,1
no persona,target,4
no persona,audience,3
no persona,succeed,2
no persona,space,1
no persona,continue,2
no persona,evolve,2
no persona,need,4
no persona,prioritize,1
no persona,implement,1
no persona,robust,1
no persona,measure,1
no persona,potential,1
no persona,attack,1
no persona,programming,3
no persona,basic,2
no persona,beneficial,2
no persona,looking,2
no persona,industry,1
no persona,role,2
no persona,language,1
no persona,python,2
no persona,javascript,1
no persona,java,1
no persona,open,1
no persona,opportunity,1
no persona,develop,1
no persona,build,2
no persona,website,2
no persona,automate,2
no persona,task,3
no persona,overall,3
no persona,supporting,1
no persona,foundation,1
no persona,currently,1
no persona,demand,1
no persona,increasing,2
no persona,amount,1
no persona,generate,1
no persona,derive,2
no persona,set,3
no persona,familiarity,1
no persona,heavily,1
no persona,strategy,3
no persona,advertising,2
no persona,excel,2
no persona,field,1
no persona,rise,1
no persona,ensure,2
no persona,principle,1
no persona,protecting,1
no persona,company,1
no persona,shopping,1
no persona,accelerated,1
no persona,recent,1
no persona,year,1
no persona,learning,2
no persona,payment,1
no persona,sale,1
no persona,give,2
no persona,edge,1
no persona,sector,1
no persona,focusing,2
no persona,well,1
no persona,adapt,2
no persona,evolving,1
no persona,conversation,2
no persona,far,2
no persona,evident,1
no persona,collect,2
no persona,large,1
no persona,datasets,1
no persona,drive,4
no persona,effective,2
no persona,promote,1
no persona,product,1
no persona,advantage,2
no persona,development,1
no persona,interested,1
no persona,pursuing,1
no persona,career,1
no persona,entrepreneurship,1
no persona,knowing,1
no persona,code,1
no persona,individual,3
no persona,create,1
no persona,application,1
no persona,versatile,1
no persona,professional,1
no persona,cyberattacks,1
no persona,breach,1
no persona,understand,3
no persona,information,1
no persona,enhance,2
no persona,better,2
no persona,discus,1
no persona,consider,1
no persona,ability,2
no persona,provide,1
no persona,performance,1
no persona,allowing,1
no persona,addition,1
no persona,sql,1
no persona,visualization,1
no persona,like,1
no persona,tableau,1
no persona,highly,1
no persona,various,1
no persona,process,1
no persona,increase,1
no persona,chance,1
no persona,persona,1
no persona,personal,1
no persona,experience,2
no persona,expertise,2
no persona,share,1
no persona,however,1
no persona,based,2
no persona,ongoing,1
no persona,discussion,1
no persona,clear,1
no persona,modern,1
no persona,mastering,1
no persona,rapidly,1
no persona,changing,1
no persona,stay,2
no persona,within,3
no persona,organization,2
no persona,continuously,1
no persona,update,1
no persona,ahead,1
no persona,curve,1
no persona,overseeing,1
no persona,executing,1
no persona,efficiently,1
no persona,context,1
no persona,diverse,1
no persona,go,1
no persona,beyond,1
no persona,navigate,1
no persona,complexity,1
no persona,seems,1
no persona,strategic,1
no persona,presence,1
no persona,channel,1
no persona,leverage,1
no persona,store,1
no persona,concern,1
no persona,completed,1
no persona,time,1
no persona,budget,1
no persona,methodology,1
no persona,future,1
no persona,employer,1
no persona,staying,1
no persona,updated,1
no persona,latest,1
no persona,relevant,1
Event Manager,best,6
Event Manager,suited,3
Event Manager,business,59
Event Manager,success,8
Event Manager,essential,11
Event Manager,digital,45
Event Manager,skill,24
Event Manager,include,4
Event Manager,data,32
Event Manager,analysis,6
Event Manager,increasing,3
Event Manager,amount,4
Event Manager,available,3
Event Manager,interpretation,3
Event Manager,crucial,8
Event Manager,learner,39
Event Manager,comfortable,1
Event Manager,working,1
Event Manager,drawing,1
Event Manager,insight,5
Event Manager,make,6
Event Manager,informed,7
Event Manager,decision,7
Event Manager,marketing,33
Event Manager,world,12
Event Manager,online,14
Event Manager,presence,4
Event Manager,vital,3
Event Manager,set,4
Event Manager,apart,2
Event Manager,includes,1
Event Manager,knowledge,6
Event Manager,social,7
Event Manager,medium,7
Event Manager,search,3
Event Manager,engine,3
Event Manager,optimization,4
Event Manager,seo,6
Event Manager,email,4
Event Manager,content,3
Event Manager,creation,1
Event Manager,coding,6
Event Manager,web,3
Event Manager,development,4
Event Manager,understanding,12
Event Manager,basic,2
Event Manager,valuable,7
Event Manager,asset,3
Event Manager,today,15
Event Manager,even,1
Event Manager,pursue,1
Event Manager,career,2
Event Manager,software,2
Event Manager,knowing,1
Event Manager,website,4
Event Manager,application,1
Event Manager,work,1
Event Manager,beneficial,2
Event Manager,various,3
Event Manager,role,1
Event Manager,cybersecurity,12
Event Manager,cyber,7
Event Manager,threat,5
Event Manager,continue,3
Event Manager,pose,2
Event Manager,risk,3
Event Manager,good,1
Event Manager,grasp,1
Event Manager,concept,2
Event Manager,understand,1
Event Manager,protect,4
Event Manager,system,2
Event Manager,attack,4
Event Manager,aware,1
Event Manager,practice,3
Event Manager,acquiring,10
Event Manager,position,4
Event Manager,adapt,2
Event Manager,landscape,6
Event Manager,additionally,4
Event Manager,continuous,1
Event Manager,learning,3
Event Manager,staying,2
Event Manager,updated,1
Event Manager,trend,7
Event Manager,key,8
Event Manager,remaining,1
Event Manager,competitive,8
Event Manager,environment,5
Event Manager,event,3
Event Manager,manager,3
Event Manager,focus,5
Event Manager,readiness,1
Event Manager,acquire,8
Event Manager,area,18
Event Manager,analytics,10
Event Manager,project,10
Event Manager,management,7
Event Manager,making,3
Event Manager,based,1
Event Manager,pattern,1
Event Manager,allows,1
Event Manager,gain,1
Event Manager,customer,4
Event Manager,behavior,1
Event Manager,market,3
Event Manager,performance,1
Event Manager,metric,1
Event Manager,drive,7
Event Manager,strategic,1
Event Manager,another,3
Event Manager,critical,1
Event Manager,increasingly,5
Event Manager,relying,2
Event Manager,channel,2
Event Manager,reach,6
Event Manager,target,6
Event Manager,audience,6
Event Manager,sem,2
Event Manager,help,14
Event Manager,effectively,9
Event Manager,promote,2
Event Manager,product,2
Event Manager,service,3
Event Manager,also,1
Event Manager,high,1
Event Manager,demand,1
Event Manager,constantly,1
Event Manager,juggling,1
Event Manager,tight,1
Event Manager,timeline,1
Event Manager,budget,1
Event Manager,plan,1
Event Manager,execute,1
Event Manager,monitor,1
Event Manager,efficiently,1
Event Manager,overall,5
Event Manager,better,3
Event Manager,equip,3
Event Manager,enabling,1
Event Manager,leverage,1
Event Manager,optimize,2
Event Manager,effort,1
Event Manager,manage,3
Event Manager,growth,6
Event Manager,order,1
Event Manager,stay,2
Event Manager,relevant,2
Event Manager,vast,3
Event Manager,ability,3
Event Manager,analyze,5
Event Manager,derive,2
Event Manager,actionable,1
Event Manager,highly,2
Event Manager,technique,5
Event Manager,conversion,1
Event Manager,language,2
Event Manager,html,1
Event Manager,cs,1
Event Manager,javascript,1
Event Manager,looking,5
Event Manager,create,1
Event Manager,maintain,2
Event Manager,well,1
Event Manager,develop,2
Event Manager,solution,2
Event Manager,measure,2
Event Manager,sensitive,3
Event Manager,information,3
Event Manager,prevent,1
Event Manager,breach,2
Event Manager,tool,6
Event Manager,familiarity,1
Event Manager,trello,1
Event Manager,asana,1
Event Manager,jira,1
Event Manager,task,1
Event Manager,deadline,2
Event Manager,collaboration,1
Event Manager,setting,3
Event Manager,contribute,3
Event Manager,innovation,3
Event Manager,organization,3
Event Manager,background,1
Event Manager,north,1
Event Manager,america,1
Event Manager,believe,3
Event Manager,need,2
Event Manager,current,1
Event Manager,interpret,2
Event Manager,uncover,1
Event Manager,efficiency,1
Event Manager,majority,1
Event Manager,activity,1
Event Manager,conducted,2
Event Manager,strong,3
Event Manager,reaching,1
Event Manager,driving,1
Event Manager,engagement,1
Event Manager,expand,2
Event Manager,evolve,2
Event Manager,size,1
Event Manager,protecting,1
Event Manager,identify,2
Event Manager,mitigate,1
Event Manager,safeguard,2
Event Manager,potential,2
Event Manager,shopping,2
Event Manager,transaction,1
Event Manager,expertise,1
Event Manager,platform,4
Event Manager,strategy,7
Event Manager,important,5
Event Manager,capitalize,1
Event Manager,payment,1
Event Manager,experience,1
Event Manager,thrive,3
Event Manager,space,2
Event Manager,age,3
Event Manager,several,2
Event Manager,one,3
Event Manager,advertising,2
Event Manager,give,2
Event Manager,edge,2
Event Manager,collecting,1
Event Manager,analyzing,1
Event Manager,proficiency,2
Event Manager,programming,1
Event Manager,becoming,2
Event Manager,many,1
Event Manager,industry,2
Event Manager,mobile,1
Event Manager,apps,1
Event Manager,open,1
Event Manager,wide,1
Event Manager,range,1
Event Manager,opportunity,1
Event Manager,versatile,1
Event Manager,job,2
Event Manager,lastly,1
Event Manager,prevalent,1
Event Manager,solid,1
Event Manager,foundation,1
Event Manager,succeed,1
Event Manager,modern,1
Event Manager,continuously,1
Event Manager,learn,1
Event Manager,king,1
Event Manager,able,4
Event Manager,excel,2
Event Manager,resource,1
Event Manager,combination,1
Event Manager,necessary,1
Event Manager,result,2
Event Manager,grow,1
Event Manager,increase,1
Event Manager,brand,1
Event Manager,awareness,1
Event Manager,sale,1
Event Manager,collect,1
Event Manager,latest,1
Event Manager,greatly,1
Event Manager,benefit,1
Event Manager,engage,1
Event Manager,trust,1
Event Manager,cloud,3
Event Manager,computing,2
Event Manager,offer,1
Event Manager,scalability,1
Event Manager,streamline,1
Event Manager,operation,1
Event Manager,shift,1
Event Manager,towards,1
Event Manager,globally,1
Event Manager,transformation,1
Social Media Manager,marketing,22
Social Media Manager,search,3
Social Media Manager,engine,3
Social Media Manager,optimization,2
Social Media Manager,seo,4
Social Media Manager,online,14
Social Media Manager,advertising,2
Social Media Manager,business,59
Social Media Manager,increasingly,6
Social Media Manager,move,2
Social Media Manager,towards,2
Social Media Manager,sale,2
Social Media Manager,knowledge,9
Social Media Manager,platform,6
Social Media Manager,payment,2
Social Media Manager,gateway,1
Social Media Manager,digital,38
Social Media Manager,storefront,1
Social Media Manager,management,6
Social Media Manager,essential,10
Social Media Manager,success,10
Social Media Manager,modern,4
Social Media Manager,world,14
Social Media Manager,cybersecurity,11
Social Media Manager,rising,1
Social Media Manager,threat,5
Social Media Manager,cyber,7
Social Media Manager,attack,3
Social Media Manager,data,34
Social Media Manager,breach,2
Social Media Manager,learner,31
Social Media Manager,basic,3
Social Media Manager,understanding,13
Social Media Manager,principle,2
Social Media Manager,protect,4
Social Media Manager,sensitive,3
Social Media Manager,information,4
Social Media Manager,maintain,3
Social Media Manager,customer,7
Social Media Manager,trust,2
Social Media Manager,content,4
Social Media Manager,creation,3
Social Media Manager,creating,1
Social Media Manager,engaging,2
Social Media Manager,relevant,1
Social Media Manager,key,7
Social Media Manager,attracting,1
Social Media Manager,retaining,1
Social Media Manager,today,17
Social Media Manager,age,6
Social Media Manager,skill,22
Social Media Manager,including,1
Social Media Manager,writing,1
Social Media Manager,graphic,1
Social Media Manager,design,1
Social Media Manager,video,2
Social Media Manager,production,1
Social Media Manager,valuable,10
Social Media Manager,looking,3
Social Media Manager,stand,1
Social Media Manager,acquiring,10
Social Media Manager,area,12
Social Media Manager,position,4
Social Media Manager,competitive,12
Social Media Manager,environment,3
Social Media Manager,adapt,2
Social Media Manager,evolving,1
Social Media Manager,technology,3
Social Media Manager,shaping,1
Social Media Manager,future,1
Social Media Manager,commerce,1
Social Media Manager,landscape,6
Social Media Manager,several,4
Social Media Manager,acquire,8
Social Media Manager,best,10
Social Media Manager,suited,8
Social Media Manager,include,3
Social Media Manager,analytics,17
Social Media Manager,crucial,8
Social Media Manager,making,5
Social Media Manager,informed,7
Social Media Manager,decision,10
Social Media Manager,enable,1
Social Media Manager,extract,1
Social Media Manager,insight,6
Social Media Manager,make,5
Social Media Manager,drive,6
Social Media Manager,growth,3
Social Media Manager,internet,1
Social Media Manager,strong,3
Social Media Manager,presence,4
Social Media Manager,social,6
Social Media Manager,medium,6
Social Media Manager,email,3
Social Media Manager,help,8
Social Media Manager,effectively,9
Social Media Manager,promote,1
Social Media Manager,reach,4
Social Media Manager,target,4
Social Media Manager,audience,4
Social Media Manager,coding,4
Social Media Manager,web,5
Social Media Manager,development,6
Social Media Manager,incredibly,1
Social Media Manager,website,3
Social Media Manager,application,2
Social Media Manager,built,1
Social Media Manager,better,1
Social Media Manager,communicate,1
Social Media Manager,developer,1
Social Media Manager,troubleshoot,1
Social Media Manager,technical,1
Social Media Manager,issue,1
Social Media Manager,even,2
Social Media Manager,create,5
Social Media Manager,product,3
Social Media Manager,increasing,5
Social Media Manager,number,1
Social Media Manager,targeting,1
Social Media Manager,solid,5
Social Media Manager,practice,2
Social Media Manager,system,3
Social Media Manager,potential,1
Social Media Manager,stay,2
Social Media Manager,one,3
Social Media Manager,ability,3
Social Media Manager,gather,1
Social Media Manager,analyze,7
Social Media Manager,interpret,5
Social Media Manager,important,3
Social Media Manager,lead,1
Social Media Manager,strategy,7
Social Media Manager,improve,1
Social Media Manager,operation,3
Social Media Manager,ultimately,1
Social Media Manager,increase,1
Social Media Manager,company,3
Social Media Manager,edge,3
Social Media Manager,market,4
Social Media Manager,moreover,2
Social Media Manager,familiarity,2
Social Media Manager,entering,1
Social Media Manager,growing,2
Social Media Manager,importance,2
Social Media Manager,knowing,1
Social Media Manager,service,3
Social Media Manager,various,4
Social Media Manager,channel,3
Social Media Manager,significantly,2
Social Media Manager,impact,2
Social Media Manager,additionally,5
Social Media Manager,proficiency,5
Social Media Manager,project,5
Social Media Manager,tool,7
Social Media Manager,software,4
Social Media Manager,excel,1
Social Media Manager,realm,1
Social Media Manager,efficiently,1
Social Media Manager,plan,1
Social Media Manager,execute,1
Social Media Manager,monitor,1
Social Media Manager,meeting,1
Social Media Manager,deadline,1
Social Media Manager,staying,1
Social Media Manager,within,1
Social Media Manager,budget,1
Social Media Manager,delivering,1
Social Media Manager,result,1
Social Media Manager,overall,3
Social Media Manager,foundation,2
Social Media Manager,equip,2
Social Media Manager,needed,2
Social Media Manager,thrive,1
Social Media Manager,focus,2
Social Media Manager,collect,3
Social Media Manager,technique,2
Social Media Manager,research,1
Social Media Manager,behavior,3
Social Media Manager,analysis,1
Social Media Manager,performance,1
Social Media Manager,tracking,1
Social Media Manager,grasp,1
Social Media Manager,highly,2
Social Media Manager,beneficial,1
Social Media Manager,language,2
Social Media Manager,html,1
Social Media Manager,cs,1
Social Media Manager,javascript,1
Social Media Manager,advantageous,1
Social Media Manager,understand,2
Social Media Manager,dabble,1
Social Media Manager,app,1
Social Media Manager,frequency,1
Social Media Manager,safeguarding,2
Social Media Manager,maintaining,1
Social Media Manager,client,1
Social Media Manager,communication,3
Social Media Manager,collaboration,3
Social Media Manager,conferencing,1
Social Media Manager,cloud,1
Social Media Manager,storage,1
Social Media Manager,enhance,3
Social Media Manager,productivity,2
Social Media Manager,efficiency,2
Social Media Manager,succeed,2
Social Media Manager,technological,1
Social Media Manager,demand,2
Social Media Manager,industry,3
Social Media Manager,science,2
Social Media Manager,driving,1
Social Media Manager,derive,2
Social Media Manager,large,1
Social Media Manager,set,2
Social Media Manager,helping,1
Social Media Manager,agile,1
Social Media Manager,shift,1
Social Media Manager,engage,1
Social Media Manager,programming,2
Social Media Manager,empower,1
Social Media Manager,solution,1
Social Media Manager,continue,2
Social Media Manager,evolve,2
Social Media Manager,become,1
Social Media Manager,sophisticated,1
Social Media Manager,need,2
Social Media Manager,individual,5
Social Media Manager,asset,3
Social Media Manager,identify,2
Social Media Manager,mitigate,1
Social Media Manager,risk,2
Social Media Manager,contribute,2
Social Media Manager,competitiveness,1
Social Media Manager,organization,1
Social Media Manager,current,1
Social Media Manager,innovation,1
Social Media Manager,generate,1
Social Media Manager,vast,1
Social Media Manager,amount,1
Social Media Manager,every,1
Social Media Manager,day,1
Social Media Manager,trend,2
Social Media Manager,strategic,2
Social Media Manager,gain,2
Social Media Manager,advantage,1
Social Media Manager,enabling,1
Social Media Manager,across,1
Social Media Manager,professional,1
Social Media Manager,promoting,1
Social Media Manager,interpretation,1
Social Media Manager,provide,2
Social Media Manager,consumer,1
Social Media Manager,also,2
Social Media Manager,cater,1
Social Media Manager,shopping,1
Social Media Manager,given,2
Social Media Manager,remote,1
Social Media Manager,work,1
Social Media Manager,virtual,1
Social Media Manager,setting,1
Social Media Manager,possess,1
Social Media Manager,navigate,1
Social Media Manager,rapid,1
Social Media Manager,evolution,1
Social Media Manager,reaching,1
Social Media Manager,manage,2
Social Media Manager,campaign,1
Social Media Manager,leverage,1
Social Media Manager,give,1
Social Media Manager,arena,1
Social Media Manager,rely,1
Social Media Manager,heavily,1
Social Media Manager,able,1
Social Media Manager,becoming,2
Social Media Manager,optimize,1
Social Media Manager,experience,1
Social Media Manager,open,1
Social Media Manager,opportunity,1
Social Media Manager,sector,1
Social Media Manager,focusing,1
Social Media Manager,dynamic,1
Social Media Manager,reliance,1
Social Media Manager,process,1
Social Media Manager,rise,1
Social Media Manager,mastering,1
Social Media Manager,grow,1
Social Media Manager,lastly,1
Social Media Manager,pose,1
Social Media Manager,size,1
Social Media Manager,prevent,1
Social Media Manager,respond,1
Social Media Manager,security,1
Social Media Manager,incident,1
Social Media Manager,safeguard,1
Social Media Manager,greatly,1
Social Media Manager,readiness,1
Social Media Manager,economy,1
Barista,skill,28
Barista,data,33
Barista,analytics,16
Barista,digital,47
Barista,marketing,27
Barista,help,15
Barista,learner,25
Barista,position,7
Barista,success,10
Barista,business,62
Barista,landscape,9
Barista,today,20
Barista,age,4
Barista,several,4
Barista,key,7
Barista,area,15
Barista,acquire,8
Barista,best,8
Barista,suited,5
Barista,one,5
Barista,crucial,9
Barista,including,1
Barista,social,8
Barista,medium,8
Barista,search,2
Barista,engine,2
Barista,optimization,2
Barista,seo,2
Barista,email,2
Barista,content,2
Barista,understanding,16
Barista,effectively,7
Barista,promote,3
Barista,market,3
Barista,online,25
Barista,essential,9
Barista,modern,4
Barista,world,12
Barista,another,5
Barista,important,9
Barista,analysis,6
Barista,interpretation,2
Barista,vast,3
Barista,amount,3
Barista,available,3
Barista,able,5
Barista,analyze,5
Barista,derive,1
Barista,insight,8
Barista,valuable,7
Barista,includes,1
Barista,tool,5
Barista,google,1
Barista,well,4
Barista,knowing,3
Barista,use,1
Barista,make,4
Barista,informed,8
Barista,decision,8
Barista,additionally,6
Barista,proficiency,3
Barista,web,3
Barista,development,3
Barista,design,1
Barista,becoming,3
Barista,increasingly,4
Barista,size,1
Barista,create,5
Barista,maintain,2
Barista,professional,3
Barista,website,4
Barista,set,4
Barista,apart,1
Barista,competitor,1
Barista,attract,1
Barista,potential,1
Barista,customer,7
Barista,finally,1
Barista,strong,6
Barista,sale,7
Barista,looking,7
Barista,thrive,3
Barista,marketplace,2
Barista,manage,3
Barista,store,3
Barista,practice,3
Barista,reach,8
Barista,wider,2
Barista,audience,7
Barista,increase,3
Barista,revenue,1
Barista,overall,8
Barista,acquiring,6
Barista,staying,3
Barista,current,2
Barista,trend,5
Barista,technology,3
Barista,individual,8
Barista,adapt,1
Barista,stay,2
Barista,ahead,1
Barista,competition,1
Barista,rely,2
Barista,heavily,2
Barista,channel,2
Barista,target,4
Barista,engaging,1
Barista,implement,2
Barista,various,1
Barista,strategy,7
Barista,give,3
Barista,competitive,4
Barista,edge,3
Barista,job,1
Barista,extract,1
Barista,learning,1
Barista,visualization,1
Barista,statistical,1
Barista,predictive,1
Barista,modeling,1
Barista,optimize,6
Barista,operation,4
Barista,drive,5
Barista,growth,1
Barista,era,1
Barista,open,1
Barista,many,1
Barista,opportunity,2
Barista,particularly,1
Barista,consumer,4
Barista,turn,2
Barista,shopping,6
Barista,primary,1
Barista,way,1
Barista,making,5
Barista,purchase,1
Barista,excel,1
Barista,latest,1
Barista,rapidly,1
Barista,evolving,1
Barista,barista,3
Barista,may,2
Barista,formal,2
Barista,training,1
Barista,doe,1
Barista,mean,1
Barista,ca,1
Barista,contribute,1
Barista,discussion,1
Barista,foundation,3
Barista,include,1
Barista,collect,1
Barista,interpret,2
Barista,improve,2
Barista,efficiency,1
Barista,understand,2
Barista,behavior,4
Barista,identify,3
Barista,new,1
Barista,presence,3
Barista,leverage,3
Barista,broader,1
Barista,brand,3
Barista,awareness,3
Barista,programming,2
Barista,basic,2
Barista,knowledge,7
Barista,language,1
Barista,html,1
Barista,cs,1
Barista,javascript,1
Barista,beneficial,3
Barista,platform,5
Barista,cybersecurity,2
Barista,increasing,1
Barista,number,1
Barista,cyber,1
Barista,threat,1
Barista,foundational,1
Barista,principle,1
Barista,safeguarding,1
Barista,sensitive,1
Barista,information,1
Barista,protecting,1
Barista,asset,3
Barista,equipping,1
Barista,oneself,1
Barista,regardless,1
Barista,background,1
Barista,industry,1
Barista,become,1
Barista,based,2
Barista,gained,1
Barista,analyzing,2
Barista,better,4
Barista,need,3
Barista,focus,2
Barista,rise,2
Barista,navigate,1
Barista,succeed,5
Barista,start,1
Barista,venture,1
Barista,lastly,2
Barista,good,1
Barista,grasp,1
Barista,coding,3
Barista,also,2
Barista,application,1
Barista,built,1
Barista,communicate,1
Barista,developer,1
Barista,tech,1
Barista,team,1
Barista,potentially,1
Barista,allowing,1
Barista,solution,1
Barista,education,1
Barista,experience,3
Barista,technical,1
Barista,expertise,1
Barista,provide,1
Barista,specific,1
Barista,however,1
Barista,conversation,1
Barista,common,1
Barista,believe,2
Barista,would,1
Barista,engage,2
Barista,product,3
Barista,service,3
Barista,space,1
Barista,interpreting,1
Barista,performance,1
Barista,sell,1
Barista,payment,1
Barista,system,1
Barista,security,1
Barista,capitalize,1
Barista,growing,1
Barista,equip,3
Barista,highly,1
Barista,digitized,1
Barista,environment,3
Barista,draw,1
Barista,vital,1
Barista,move,1
Barista,towards,1
Barista,transaction,1
Barista,needed,2
Barista,gain,1
Barista,developing,1
Barista,strategic,1
Barista,solid,1
Barista,technique,1
Barista,engagement,1
Barista,moreover,1
Barista,must,1
Barista,seamless,1
Barista,capability,1
Barista,grow,2
Barista,expand,1
Barista,base,1
Barista,enhance,1
Barista,participating,1
Barista,group,1
Barista,order,1
Barista,gather,1
Barista,connect,1
Barista,build,1
Barista,furthermore,1
Barista,continues,1
Barista,popularity,1
Barista,user,1
